Kod;
101668;5906711225082
105701;5036581063481
109719;5902062560933
109995;5036581063467
110729;5036581063443
110950;5036581063474
110965;3663602461609
114159;3663602849063
114162;8712418175974
114165;8712418173178
114168;88381081658
116913;8712418188530
116914;88381096614
116915;88381605731
116916;3165140633888
119580;3663602849087
119795;3663602905462
119910;88381808552
120734;4053423201338
120738;3663602849070
120744;3663602849049
147270;3663602461616
165501;3165140876759
165503;5036581063153
165839;5036581063115
166786;3165140876810
167261;4004025083167
167342;4054278312491
175480;5907486730009
201064;5904213009001
201065;4039784943544
202023;5035048700648
202222;5036581063139
202225;5036581063146
203103;3165140817837
203398;5036581063122
206102;5036581063108
206103;4001221900847
206451;4003018004202
207479;5906737937501
208482;5907439170777
208582;5907180100214
209678;5907513474685
210791;4024709787556
211440;5907180100207
211455;4003992468410
211482;3178040820593
212143;5906725201744
212321;5907587403802
212364;3663602918042
212401;5907180100573
212403;5907180100443
212408;5901940268558
212414;4003992463736
213260;8711595117586
214382;5908283539017
215104;5907508714635
215113;5907555417725
215474;5907555417053
215560;5908283539024
215649;3663602422518
215651;5906365563288
215652;5907180100788
215655;5902115300134
304039;5902115300158
304235;5902115300165
304369;8008004100315
304490;5905952016046
306943;8022452002120
307000;8691451080547
307490;8008004062040
308217;5905458095514
308237;5905400147537
308300;5907180150622
308730;5905458095521
309390;5903238032605
309442;5900139083866
310668;5902610584961
314645;5900089617036
314688;5900139083880
314690;5902610584985
316128;5902610580116
316819;5906295190264
317255;5906295190486
317290;5906295190042
317654;5905400277227
317655;5900089218592
317656;5900089218547
319049;5907180162489
319347;4005734450219
350439;5905400358414
360146;3663602848325
360147;3663602881292
360175;5907518300583
370226;5900089218578
372000;5905400488562
404818;5900089151042
409209;5900089151172
409611;5905912547498
409612;5906340491926
410819;5906340493401
410982;8691451080554
412355;5905458095316
412515;5900089117260
412959;5901676222411
413572;5905458095323
414193;8022452037047
414525;8022452010149
414529;8022452025396
414540;8022452025389
414561;5906976017484
414563;3663602962038
414569;3663602962045
414574;3663602962052
414744;5905458095330
414745;5907720668440
414753;5907720671457
414774;5907720626525
415662;4005176408342
415899;4025416348702
415942;5906976036034
416308;5907720639327
416906;5907720676674
416933;5907720676681
428675;5907720676698
428676;5907720676704
429285;5907720657994
431037;5036581063092
431739;5036581063054
445468;8433290392777
445482;5036581063078
445537;5036581063085
445596;5036581063061
445597;7612981545819
445683;7612981545895
446129;8433290454468
446865;5907720689070
446866;5036581063047
501693;5902232650860
502145;5902232650914
502146;5902232650921
502147;5905485409117
502148;5905485409124
502428;5905485409131
502759;5036484015761
502940;5906976491642
503080;5906976491659
503416;3663602901105
503617;3663602900658
503625;5907571780865
503664;5908264688413
503666;5908264688420
503667;5904462000231
503668;5603687100046
503757;5907536615553
503768;5907536615560
503876;5907536615577
503949;8008004093600
504068;5907791100252
504207;5907791100269
504208;5907791100276
504548;5907180100719
504553;5907180112286
504556;5907732045024
504566;5905485423649
504650;5905485423656
505292;5905485423663
505299;5906489952883
505316;5906489952890
505537;5906489952906
505538;5906489952517
505539;5906489952623
508146;5904584133794
508450;5901224216350
508452;5901224216398
508673;5902115735585
508697;5907457613522
508727;5904584133824
509316;5907457613546
509317;5904584133855
509320;5907732049947
512518;5907732049626
512758;5907732049633
512759;5907732049640
512760;5900308751527
512977;5902488093619
514127;5902488094616
514128;5906564180248
514129;5052931113651
514130;8008004009908
514532;5902510809645
514534;4005176919930
514542;5900498020380
514543;5904842119126
514544;5902510809621
516542;5901549968873
516543;5901549968880
516544;5903427746573
516545;5901891470864
516588;5902510809669
516680;3663602706083
516693;6411501314130
516694;6411501314031
517643;5900861421110
518150;5902341102830
518151;5907487100689
518152;5901771028024
518700;5902341000013
519448;5901875000254
519449;5907487100658
519450;3663602948988
519451;3663602940593
521206;3663602945383
521305;5908305605041
521306;5901891474039
521552;5905197654744
530059;5901771028048
536736;5902610580093
537113;3663602940104
537253;5900652459490
602100;5903427744197
602451;5052931418954
602904;4003018051800
603264;4003018054757
603265;5902067851517
603370;5052931418947
603372;5906711206326
603453;3663602242116
603528;4001221785062
606541;6411501224637
606542;6411501224835
607862;4003018000730
614772;5908305642930
615241;5908305642947
615242;5908305642893
615331;5903313326643
615436;5903313326582
616037;5903313326544
616490;5901796606054
617669;6411501399502
617670;5900672678291
617860;5903313326568
618253;5902627431937
618393;3663602939337
618703;3663602939375
618704;5902627431944
620780;5902627432286
621323;3663602948124
621332;3663602939757
622574;3165140897846
622598;3663602994602
622599;3663602947875
622648;5036581065621
622725;5036581065614
622827;3663602729198
622828;3663602730187
622829;3663602730354
623725;3663602728443
623726;3663602728764
623867;5908235396408
624716;3663602727224
624717;3663602727453
624718;5036581063498
624719;3663602627333
624720;5036581063511
624721;5412298371901
624862;5902610581809
624871;3663602418764
626754;3663602419457
626934;5057741128185
626935;3165140943109
626958;5902610580079
626959;3663602430353
626962;3663602430735
626964;5901874926845
626966;5901874926869
626992;3663602433200
627136;3663602433217
627145;3663602433286
627354;6411501310095
627729;6411501310088
628404;5902110025056
628787;3663602732730
628805;5903427744012
628819;5011867046624
629062;5011867046631
629078;5011867046648
629085;5011867046662
629173;5011867046679
629180;5011867046686
629232;5011867046693
629439;5011867046709
629460;5011867046723
630746;5011867046730
630782;5011867046747
630799;5011867046754
630839;5011867046761
630974;5011867046778
631100;5011867046785
631400;5011867046808
631440;5011867046815
631445;5011867046822
631490;5011867046839
631491;5011867046846
631723;5011867046853
631725;5011867046860
631731;5011867046884
635308;5011867046891
635309;5011867046914
655636;5011867046938
655877;5011867046945
656120;5903525410147
700220;5902829027990
700221;5902829028010
700222;5036581063719
700224;5036581063573
700225;5011867039718
700226;5011867039770
700227;5036581063559
700228;5011867039954
700229;5011867039985
700230;5011867040103
700231;4001221992132
700232;4001221992125
700233;5011867040226
700234;5903238032070
700235;3663602356738
700237;5011867040370
700238;5011867040462
700239;5011867040523
700240;5011867040554
700241;5011867040615
700242;5011867040677
700243;4001221902124
700245;5904000804987
700246;5904000810698
700248;5902829542066
700250;5905400520033
700251;5902829151923
705015;5904000819493
713491;5904000819479
713493;5902829021691
713496;4001221902179
713498;5902829021776
715187;4001221902131
715188;5902829021936
715192;5902829022018
715245;5902829022056
715336;5902829022131
715340;4001221902186
715341;5902829022339
715342;5902829022377
715344;5902829022414
715346;5902829022452
715348;5902829022537
715349;5902829022575
715352;5902829022612
715354;5902829022698
715355;5902627433054
715357;5902627433030
715359;5902829022810
715360;5902829022858
716018;5902829022933
716506;5902627433047
716527;5907518301474
719654;5902829023275
720302;5907518301481
722389;5902829021110
722391;5903525333903
722932;5903525333927
722934;5903525334603
722936;5903525334627
722940;5903525335600
722944;5903525335624
722948;5903525326608
722950;5903525326622
722954;5903525323904
722962;5907518301498
722964;5902627437120
722966;5904078200384
722968;5904078200216
722970;5904078200391
722974;5904078200223
722976;5904078200407
722978;5904078200230
722982;5904078200414
722984;5904078200247
722986;5904078200421
722988;5904078200254
722990;5904078200438
722994;5904078200261
722996;5904078200445
722998;5904078200278
723000;5904078200452
723002;5904078200582
724142;5904078200285
724292;5904078200469
724293;5904078200292
724295;5904078200476
724296;5904078200599
724298;5904078200308
724299;5904078200483
724301;5904078200605
724302;5904078200315
724304;5904078200506
724305;5904078200612
726800;5904078200322
726801;5902627437113
726802;5904078200339
726803;5904078200520
726805;5904078200629
726806;5903973000235
726807;5903973000242
726808;5036581067410
726809;5036581067427
726810;5036581067441
726811;5036581067434
726812;5036581067458
726813;5036581066437
726814;5036581066444
726819;5902627432514
726820;5902627437144
726821;5902627434242
726822;5902610513978
726823;5902610514005
726824;3663602348450
726825;3663602348467
726826;3663602348474
726827;3663602348481
726828;5059340501123
726829;5059340501130
726830;5059340501147
726831;5905458095002
726832;8431784115598
726833;8431784115871
726834;3663602352716
726835;3663602321996
726836;3663602321415
726837;3663602321422
727691;5907720672836
727692;5907720672898
728681;3663602352891
728682;3663602353317
728683;5901771017141
728684;5907720683870
728685;3663602350798
728686;3663602350880
728687;3663602352723
728688;3663602350873
728689;3663602353218
728691;5903238032568
728692;5903238032537
728693;5902610514067
728694;5902610514098
728696;3663602350781
728697;88381866408
728698;4003018004240
728700;4003018002741
728701;5901912831056
728702;5906711200843
728703;5906711200850
728704;5906711238389
728705;5906711238372
728706;5907586945716
728707;4003018051855
728708;4003018054702
728710;5906711247855
728711;5907586945839
728712;5907586945938
728713;5907586945860
728714;5907586945679
728715;5907586945686
728717;5907586945907
728718;5907586945655
728719;5907586945662
728720;3663602350804
728722;3663602350828
728724;3663602350842
728725;3663602350743
728726;5903238013161
728727;4001221903732
728728;4001221000219
728729;4001221906436
728730;4001221906009
728731;5901503218693
728732;5036581068578
728733;5036581068585
728734;5036581068561
728735;5036581068202
728736;5036581068172
728737;5036581068325
728738;5904584150098
728740;5059340501093
728742;5904584149368
728743;5904584149429
728744;5059340501116
728745;5036581068479
728746;5902610581663
728748;5902610581649
728749;5036581068332
728750;3663602350811
728751;3663602350835
728752;3663602350859
728753;3663602350866
728754;5059340121048
728755;3663602356028
728756;5036581068509
728757;3663602360827
728758;3663602350644
728759;3663602350651
728760;3663602350705
728761;3663602688488
728762;3663602676355
728763;5036581067649
728764;5036581067656
728765;5036581067632
728766;5036581064112
728768;5902767921725
728769;5902767921749
728770;5902767921732
728772;5902767922524
728773;5902767922531
728774;5902767921978
728775;5902767921985
728776;5902767922005
728777;5902767921992
728778;5902610581700
728779;5902610581687
728780;5059340501055
728782;5059340501086
728783;3663602321439
728784;3663602321989
728785;3663602350750
728786;3663602350767
728787;3663602350774
728789;3663602352709
728790;3663602350903
728791;3663602350910
728792;5902829027044
728794;5902829027082
728796;3663602350897
728797;5903973142072
728798;5903973142096
728799;5903973142126
728800;5903206050075
728801;5903973142201
728802;5903973142485
728803;5903973142119
728804;5903973142393
728805;5903973142225
728806;5902510002411
728807;5903973142171
728808;5903973142454
728809;5903973142195
728810;5903973142478
728812;5903973142164
728814;5903973142447
728815;5903973142232
728816;5902510002428
728817;5902658102653
728818;5902658102776
728820;4001221000233
728821;5902829030716
728822;5902829030723
728823;5902829030730
728824;5902829030747
728893;4001221000240
728897;5902829030761
728899;5902829030778
729713;4001221915629
729714;5903973108986
729715;5903973108702
729716;5903973108719
729718;5903973108726
729719;5903973108733
729720;5903973108740
729721;5036581066895
729723;5903973108757
729724;5036581066901
729725;5903973109013
729726;5903973108764
729730;5036581065287
729731;5903973109020
729735;5036581065294
729736;5036581065171
729737;5903973108801
729738;3663602356721
729874;8431784118391
729875;3663602676317
729877;3663602676348
729878;5903973109037
729879;5902510002459
729880;5902510002466
729881;5903973108870
729882;5903973108887
729883;5903973108894
729884;5905912542608
729885;5413045042983
731054;5903973109051
731055;5903973108917
731056;5413045063957
731058;5413045077961
731060;5903973109075
731061;5059340008981
731062;5059340008943
731064;5059340008967
731065;5059340009025
731066;5903973109105
731068;5903973109112
731070;5059340009001
731072;5059340009049
731074;5907811648078
731075;5906711215281
731076;4001221906849
731078;4001221906757
731080;5904000005148
731082;5904000005155
731085;5904000005162
731088;5904000005179
731090;5904000005186
731102;5904000005193
731110;5904000005209
731141;5904000005216
731148;5904000005223
731149;5904000005230
731154;5904000005247
731167;5904000005254
731168;5904000005261
731169;5904000006541
731170;5904000006558
731171;5904000005414
731172;5904000005421
731173;5904000005438
731174;5904000005445
731175;5904000005452
731176;5904000005469
731177;5904000005476
731178;5904000005483
731179;5904000005490
731180;5904000005506
731181;5904000005513
731182;5904000005520
731183;5904000005537
732560;5904000006565
732561;5904000006572
732562;5904000005544
732563;5904000005551
732564;5904000005568
732565;5904000005575
732566;5904000005582
732567;5904000005599
732568;5904000005605
732569;5904000005612
732570;5904000005629
732571;5904000005636
732572;5904000005643
732573;5904000005650
732574;5904000005667
732575;5904000006589
732576;5904000006596
732577;5904000005810
732578;5904000005827
732579;5904000005834
732580;4001221000356
732581;5904000005858
732582;5904000005865
732583;5904000005872
732584;5904000005889
732585;5904000005896
732586;5904000005902
732587;5904000005919
732588;5904000005926
732589;5904000005933
732590;5904000006633
732591;5904000006640
732592;4001221000363
732593;4001221000370
732594;4001221000387
732595;4001221906573
732596;4001221000936
732597;5905518132418
732598;5903313323413
732599;5903313323437
732600;5904584147135
732601;5903238032636
732602;5059340268200
732603;8008004004002
732604;8008004004057
732620;4002168000331
732621;5036581063245
732622;5036581063252
732623;5036581063238
732624;4001221906122
732625;5907774307975
732626;5908283539031
732627;8430615084218
732628;4823107812798
732629;5902767922418
732630;8435311508143
732631;8435311508181
732632;5907180112460
732633;5902767921763
732634;5902683176735
732638;5902683176759
732890;5903313317863
732891;5903313317887
732892;5903313317900
732893;5907180131904
732894;5907180131898
732895;3663602333432
732896;3663602333449
732897;3663602333463
732898;5907180100337
732899;5907180137364
732900;5907180137333
732901;5907180137357
732902;5907180111708
732903;5907180111715
732904;5907180100320
732905;5907180100313
732906;5904078198650
732908;5907180129048
732909;3663602399407
732910;3663602333456
732911;5907180112583
732912;5904584147197
732913;5904584147227
732914;5907180111647
732915;5907180111661
732916;5904584147166
732917;5907180137241
732918;5908262625137
732919;5903973127307
732920;5903973127314
732921;5903973127321
732922;5903973127338
732923;5908262625014
732924;5903973127352
732925;5907180100610
732926;5903973127376
732927;5903973127383
732928;5907180100603
732929;5907180112590
732930;5902829031249
732931;5902829031478
732932;5902829031492
732933;5905400520026
732934;5907180137579
732935;5902829032284
732936;5902829032307
732937;5902829032321
732938;5902829032345
732940;5907180100283
733007;5902829032383
733009;5907180100290
733011;5902829032444
733012;5902829032468
733015;5902829032482
733016;5907180137494
733017;5902829032529
733640;5907180137487
733641;5902767921787
733642;5902829032604
733643;5902829032628
733644;5902829032642
733645;5903973144687
733646;5903973144724
733647;5904000012252
733648;5902767921770
733649;5904000011965
733650;5904000011873
733939;5904000012047
735327;5904000012344
735329;5904000011941
736017;5904000011927
736629;5904000012092
736630;5904000012177
736631;5904000012269
736632;5904000012191
736633;5904000012368
736634;5907180129000
736635;5904000012399
736636;5904000011989
736638;5904000012184
736639;5904000012306
736640;5904000012016
736641;5904000012160
736642;5904000012337
736644;5907180113009
736645;5904000012108
736646;5904000012054
736647;5904000012115
736648;5907180112323
737122;5904000011972
737125;5904000012122
737554;5907180137470
737555;5904000012146
737556;5904000011880
737557;5904000012061
737558;5904000012085
737560;5904000012153
737561;5904000012207
737562;5904000012214
737563;5901503207185
737564;5904000012221
737565;5904000012030
737566;5904000012290
737567;5904000012283
737568;5904000012023
737569;5904078200551
737570;5901503215524
737572;5904078200346
737573;5904078200353
737574;5904078200537
737575;5904078200544
737577;5904000026181
737578;5904000026228
737579;5904000026167
737580;5904000026204
737581;5904000026174
737582;5904000026198
737584;5904000026211
737585;3663602521624
737586;5904078212219
737587;5901503216231
737589;5904078212264
737590;5904078212271
737591;5904078212288
737592;5904078212295
737593;5904078212356
737595;5904078212400
737596;5904078212417
737597;5904078212424
737599;5904078212431
737600;5904078212448
737602;5904078212493
737603;5904078212523
737938;5904078212530
737939;5904078212547
738153;5904078212554
738154;5904078212561
738155;5904078212639
738156;5904078212677
741266;5904078212684
741267;5904078212691
741268;5904078212707
741269;5904078212714
741270;5901503216224
741271;5905458095712
741272;5905458095729
742219;4001221906788
745457;5904617578752
745461;5904617578714
745462;3245066939803
745463;3245066939902
745464;3245066939933
745465;5904617575898
745472;5904617577236
745476;5904617577229
745477;5907641454344
745478;8032595791218
745479;5902694551200
745480;5902694551408
745486;5906046102720
745489;5904617578769
745490;5904617578721
745491;8727900015584
745492;8727900015645
745493;5904617573771
745501;5904617573764
745504;5904617573566
745505;4001221000813
745506;3663602352884
745507;5901730201826
745508;5901730201802
799004;5904617573559
799005;5904617573535
799007;3663602353300
799008;5902787100186
800691;5902787100216
800693;5902787100247
801889;5902787100261
801894;5904182618136
801895;3663602356608
802691;3663602351399
802740;5036581063429
802741;3663602804512
804333;3663602804529
804500;5036581063405
804986;3170230959625
804987;3663602762126
815743;3663602762836
816540;3663602735137
816541;5036581063382
816629;3663602760986
816630;5901130483891
816900;5902694041114
816901;5907577410698
818471;5907577410841
819273;5036581063375
819279;5907595734004
822091;5907595734011
822092;5907595734028
822464;5907738940156
822465;5907738940163
825123;5036581063412
825518;5036581063399
825519;5036581063351
825521;5036581063290
825522;5036581063283
826129;5036581063313
827448;5901793354323
827449;5901793353067
827450;5036581063269
827496;5907418020024
827497;5036581063344
828229;5905400279245
828546;5036581063320
828628;5902596213046
828645;5036581063306
828805;5901793357935
829342;5905400220087
830218;5905400230048
836930;5036581063276
845701;5036581063337
849836;5036581063368
849845;5908238613014
901517;5904584147104
901862;5908226686976
901863;5901793355085
901864;3467670012271
901865;3467670012707
901866;5907516797422
902847;5907516797439
902848;5908305621928
902849;5908305621935
902850;5413031815034
902851;5905400279399
902852;5907561743825
904627;5907561743832
904628;5907561744815
905069;3663602321965
905210;4001221000554
905327;5907666201787
906075;5900350193160
906076;5907534260304
906092;5907534261172
906178;5907651691791
906888;5901796612604
908278;5901796612499
908279;5901796612512
908633;5900144010024
909384;8428519068052
910176;5900404001168
910227;5908305621898
910228;5903649001382
912757;5906725231352
912758;5901796606269
912759;5901796603923
912760;5901796612949
913666;5901796612666
913667;5901796612697
914046;5903649004093
914047;5908238613724
914155;4042533578874
914476;5900280630544
914509;5905546196901
914510;5901644641039
914512;5906877003074
914691;5906877003098
914768;3838682406233
916475;5905400159332
916558;5907783220289
917427;5907520972341
917428;5052931669103
917497;5052931669127
918595;5906083041037
918597;5906083041020
918599;5906083041013
918606;5052931495511
918710;5901193232436
918727;5901193234829
918843;5901193232375
918844;5901193233365
918865;5052931495436
918881;3663602814955
918900;3663602814948
918922;5907561732980
918931;3663602814931
918952;5902578301976
919075;5902578307213
919469;5902578307268
919531;5902578302263
919587;3663602801610
919630;5908280849713
919633;5902406630100
919857;4054640022645
919875;4054640015036
919879;4054640008977
919891;3663602801627
919892;4054640011410
919914;5907522116248
919915;3663602815044
919916;5907572765274
919918;5905485405874
919924;5905485405881
919925;5905485413459
919926;5905485413466
920774;3663602522461
920775;3165140950220
920776;5906474000209
920777;3663602810223
921531;4057749842084
921532;3430650199569
921559;5907520942481
921560;5907520973911
921659;5907520968696
921720;5900672650983
921734;5902022911638
921736;5900672650969
921737;5900672650976
921741;3663602814962
922150;5902143172437
923159;5907520926801
923162;3663602810230
923163;3663602805656
923164;3165140965521
923165;3663602805663
923166;5902022911812
923786;4054278271699
924032;6411501300003
924988;5411183010918
925105;5411183011922
925107;5900089617081
925250;5907520964599
925251;5907651690442
926586;5907651691616
927159;5907651692576
927282;5907651690879
927680;3663602805670
927681;5906340850013
927682;5901796603985
927683;5901796603909
927684;5900089617050
927685;5906711247985
927707;5907586945648
927708;5902020340027
927709;8008004097820
927710;3663602991472
927713;4003018001300
927714;5902020340119
927715;5036581063177
927716;5036581063160
927717;5036581063450
927718;5036581063436
927721;5907628797372
927722;5907628797389
927723;5907628797396
927724;5907628797402
935210;3663602991502
935226;3663602835172
935308;3663602834731
945164;3663602763017
945173;3663602763284
945175;3663602763383
945176;5901407510794
945187;5906726640801
955771;5902203173855
975761;5908278400407
986064;5902203173862
986065;5901407510817
995296;5901407511012
